Rank,Percentile,Choice Code,Merit Exam
14789,85.2493707,0110124610,JEE(Main)-2024
36978,65.7022258,0110161210,JEE(Main)-2024
21832,78.8475420,0110137210,JEE(Main)-2024
9553,90.0150514,0110124210,JEE(Main)-2024
29415,72.1885748,0110135610,JEE(Main)-2024
38190,64.7375694,0110526710,JEE(Main)-2024
57176,48.6301306,0110519110,JEE(Main)-2024
56656,49.2543008,0110561210,JEE(Main)-2024
36070,66.4622994,0110537210,JEE(Main)-2024
31019,70.8363852,0110526310,JEE(Main)-2024
20345,80.2427627,0110524210,JEE(Main)-2024
27689,73.7173337,0110524610,JEE(Main)-2024
43688,60.2278410,0110791110,JEE(Main)-2024
39430,63.6291843,0110799510,JEE(Main)-2024
46149,58.2354795,0110729310,JEE(Main)-2024
57209,48.6301306,0110761210,JEE(Main)-2024
27050,74.1809752,0110724210,JEE(Main)-2024
40173,63.2235380,0110737210,JEE(Main)-2024
55027,50.6386042,0110719110,JEE(Main)-2024
41148,62.3601588,0111437210,JEE(Main)-2024
39928,63.3763410,0111426310,JEE(Main)-2024
58364,47.6296012,0111419110,JEE(Main)-2024
58238,47.7566256,0111461210,JEE(Main)-2024
33580,68.6174754,0111424610,JEE(Main)-2024
29534,72.1098321,0111424210,JEE(Main)-2024
44638,59.5678435,0111624210,JEE(Main)-2024
53742,51.7517536,0111624610,JEE(Main)-2024
79145,25.5813182,0111650710,JEE(Main)-2024
75792,29.8279581,0111619110,JEE(Main)-2024
77577,27.8601519,0111661210,JEE(Main)-2024
84557,17.0796568,0111735610,JEE(Main)-2024
58193,47.7771826,0111724210,JEE(Main)-2024
61139,45.2445766,0111799510,JEE(Main)-2024
48560,56.2235696,0111924210,JEE(Main)-2024
62971,43.5428977,0111924610,JEE(Main)-2024
72620,33.4714446,0111937210,JEE(Main)-2024
71696,34.7059173,0112019110,JEE(Main)-2024
59575,46.5960891,0112089310,JEE(Main)-2024
39235,63.8828633,0112050710,JEE(Main)-2024
20521,80.0308535,0112024210,JEE(Main)-2024
67571,39.1527671,0112061210,JEE(Main)-2024
54032,51.4671199,0112029310,JEE(Main)-2024
26849,74.4735956,0112037210,JEE(Main)-2024
36487,66.2569654,0112124210,JEE(Main)-2024
49991,55.0466064,0112137210,JEE(Main)-2024
44216,59.9479500,0112124610,JEE(Main)-2024
61498,44.8443341,0112161210,JEE(Main)-2024
75946,29.7188447,0112319110,JEE(Main)-2024
47619,57.0199716,0112324210,JEE(Main)-2024
79671,24.8312223,0112361210,JEE(Main)-2024
58743,47.4238693,0112337210,JEE(Main)-2024
82271,21.0827014,0112529310,JEE(Main)-2024
60705,45.5083235,0112524210,JEE(Main)-2024
83917,18.2888686,0112526310,JEE(Main)-2024
85436,15.4875273,0112661210,JEE(Main)-2024
80986,23.0331736,0112637210,JEE(Main)-2024
57767,48.2678103,0112624210,JEE(Main)-2024
67991,38.7568676,0112737210,JEE(Main)-2024
72097,34.4865069,0112729310,JEE(Main)-2024
57238,48.6301306,0112724510,JEE(Main)-2024
89886,4.5569597,0112719110,JEE(Main)-2024
32502,69.5628064,0112824210,JEE(Main)-2024
44607,59.6793493,0112891210,JEE(Main)-2024
40369,62.8786263,0112824610,JEE(Main)-2024
49599,55.2237550,0112829310,JEE(Main)-2024
41906,61.8146129,0112837210,JEE(Main)-2024
59319,46.7162819,0112819110,JEE(Main)-2024
86261,13.7213186,0113037210,JEE(Main)-2024
73264,32.9231840,0113024210,JEE(Main)-2024
88132,9.7453109,0118029310,JEE(Main)-2024
70621,36.0345296,0118024210,JEE(Main)-2024
89225,6.6246734,0118261210,JEE(Main)-2024
76524,28.9672655,0118229310,JEE(Main)-2024
63420,42.9943278,0118224210,JEE(Main)-2024
61969,44.4375985,0126519110,JEE(Main)-2024
38434,64.5326492,0126524610,JEE(Main)-2024
64295,42.2955322,0126561210,JEE(Main)-2024
55673,49.9215366,0126535610,JEE(Main)-2024
44508,59.6793493,0126537210,JEE(Main)-2024
33561,68.6174754,0126524210,JEE(Main)-2024
73533,32.7021369,0126837210,JEE(Main)-2024
83427,19.0349497,0126899510,JEE(Main)-2024
69836,36.6180714,0126824210,JEE(Main)-2024
61299,45.1836004,0127624510,JEE(Main)-2024
13924,86.0367532,0203290410,JEE(Main)-2024
86944,12.4411139,0211199510,JEE(Main)-2024
48693,56.0687777,0211124210,JEE(Main)-2024
66399,40.0503434,0211291210,JEE(Main)-2024
60940,45.4182813,0211291110,JEE(Main)-2024
50926,54.2765449,0211224210,JEE(Main)-2024
74007,32.0057037,0211284410,JEE(Main)-2024
84221,17.7085708,0211229310,JEE(Main)-2024
44632,59.5678435,0211325710,JEE(Main)-2024
38650,64.3372475,0211326310,JEE(Main)-2024
29484,72.1862872,0211324210,JEE(Main)-2024
70590,36.0432717,0211362410,JEE(Main)-2024
41450,62.0849504,0211337210,JEE(Main)-2024
70161,36.3198089,0211319110,JEE(Main)-2024
52611,52.9550499,0211384410,JEE(Main)-2024
65818,40.8432271,0211329310,JEE(Main)-2024
75555,30.4829638,0211361210,JEE(Main)-2024
30192,72.7256174,0211301110,JEE(Main)-2024
71486,34.7387002,0211461210,JEE(Main)-2024
76441,29.2883952,0211419110,JEE(Main)-2024
28516,72.8734519,0211491110,JEE(Main)-2024
40948,62.4401366,0211437210,JEE(Main)-2024
20686,79.8386962,0211424210,JEE(Main)-2024
69101,37.6420166,0211626310,JEE(Main)-2024
59926,46.2084543,0211624210,JEE(Main)-2024
88046,10.0424586,0211637210,JEE(Main)-2024
77522,27.8601519,0211691110,JEE(Main)-2024
29079,72.5289287,0212724210,JEE(Main)-2024
48833,56.0063988,0212792110,JEE(Main)-2024
68305,38.1695803,0212761210,JEE(Main)-2024
44397,59.8276777,0212737210,JEE(Main)-2024
77194,28.1395457,0212791610,JEE(Main)-2024
38741,64.3362689,0212724610,JEE(Main)-2024
68074,38.6254844,0212719110,JEE(Main)-2024
57149,48.7069037,0212991110,JEE(Main)-2024
60111,46.1308076,0212937210,JEE(Main)-2024
46209,58.2303450,0212924610,JEE(Main)-2024
33596,68.6174754,0212924210,JEE(Main)-2024
89542,5.6390354,0212919110,JEE(Main)-2024
90054,3.9809630,0212929310,JEE(Main)-2024
54062,51.4671199,0213024210,JEE(Main)-2024
75743,30.2248659,0213099510,JEE(Main)-2024
72606,33.5616760,0213324210,JEE(Main)-2024
40375,62.8786263,0213424210,JEE(Main)-2024
67678,39.1527671,0213484410,JEE(Main)-2024
55644,49.9560715,0213491210,JEE(Main)-2024
88989,7.3036635,0213429310,JEE(Main)-2024
71831,34.6959400,0213591110,JEE(Main)-2024
61538,44.8443341,0213524210,JEE(Main)-2024
88531,8.6286825,0213637210,JEE(Main)-2024
84415,17.2078076,0213624210,JEE(Main)-2024
57356,48.5852903,0213824210,JEE(Main)-2024
17710,82.5855887,0225024210,JEE(Main)-2024
17283,82.9590386,0225037210,JEE(Main)-2024
59497,46.6555544,0225224210,JEE(Main)-2024
64678,42.0665339,0225424610,JEE(Main)-2024
79313,25.2000150,0225429310,JEE(Main)-2024
44476,59.6793493,0225424510,JEE(Main)-2024
73971,32.0362067,0228290010,JEE(Main)-2024
37295,66.9569433,0250850310,JEE(Main)-2024
75852,29.8076469,0250824510,JEE(Main)-2024
66393,40.0503434,0251624210,JEE(Main)-2024
67250,39.4612222,0251692110,JEE(Main)-2024
65937,40.8058819,0252224510,JEE(Main)-2024
43483,60.3847628,0253399510,JEE(Main)-2024
67894,38.8393771,0253337810,JEE(Main)-2024
71128,35.2437565,0253319110,JEE(Main)-2024
53281,52.1076408,0253384410,JEE(Main)-2024
62935,43.5542521,0253329310,JEE(Main)-2024
31631,70.4405987,0253324210,JEE(Main)-2024
59373,46.6975840,0253392810,JEE(Main)-2024
77486,27.9307838,0253361210,JEE(Main)-2024
74949,30.8156734,0263799710,JEE(Main)-2024
54295,51.2103001,0264199710,JEE(Main)-2024
57150,48.7069037,0264124210,JEE(Main)-2024
54831,50.8381311,0266656610,JEE(Main)-2024
71914,34.5898521,0266624610,JEE(Main)-2024
12547,87.2512345,0302524270,JEE(Main)-2024
17076,83.0877922,0302524670,JEE(Main)-2024
9850,89.7090111,0302524570,JEE(Main)-2024
17640,82.6084538,0302591170,JEE(Main)-2024
4149,95.0335946,0303651110,JEE(Main)-2024
3772,95.3846296,0303651210,JEE(Main)-2024
1413,97.7758164,0303650710,JEE(Main)-2024
6058,93.2788198,0303651410,JEE(Main)-2024
3967,95.2020137,0303672910,JEE(Main)-2024
2259,96.9662187,0303653410,JEE(Main)-2024
1740,97.4490150,0303651910,JEE(Main)-2024
20625,79.9938634,0313537210,JEE(Main)-2024
11629,88.0726109,0313524610,JEE(Main)-2024
27325,73.8736469,0313561210,JEE(Main)-2024
8419,91.0576790,0313524510,JEE(Main)-2024
11877,87.8187154,0313599510,JEE(Main)-2024
24082,76.8179496,0313946110,JEE(Main)-2024
11147,88.5757175,0313937210,JEE(Main)-2024
9485,90.0729553,0313990010,JEE(Main)-2024
5573,93.7415056,0313924510,JEE(Main)-2024
7027,92.3810414,0313924610,JEE(Main)-2024
7874,91.5884494,0314324510,JEE(Main)-2024
9228,90.3004853,0314391110,JEE(Main)-2024
11176,88.5659516,0314384410,JEE(Main)-2024
24690,76.3280246,0314361210,JEE(Main)-2024
10332,89.2609183,0314324610,JEE(Main)-2024
33101,69.0529025,0314692010,JEE(Main)-2024
29114,72.4780171,0314624610,JEE(Main)-2024
35616,66.9185014,0314637210,JEE(Main)-2024
70982,35.3619737,0314661210,JEE(Main)-2024
32005,70.0821202,0314699510,JEE(Main)-2024
68862,37.9717565,0314629310,JEE(Main)-2024
24290,76.5791743,0314624510,JEE(Main)-2024
44786,59.3903304,0314792110,JEE(Main)-2024
34476,67.8377823,0314724510,JEE(Main)-2024
43495,60.3847628,0314791710,JEE(Main)-2024
43292,60.5916673,0314724610,JEE(Main)-2024
20313,80.2781689,0314837210,JEE(Main)-2024
11966,87.7580323,0314824610,JEE(Main)-2024
10547,89.0565174,0314824510,JEE(Main)-2024
17384,82.8318919,0314890010,JEE(Main)-2024
26354,74.7405584,0314893310,JEE(Main)-2024
23158,77.6558450,0314837810,JEE(Main)-2024
14579,85.4408860,0314825210,JEE(Main)-2024
9971,89.6205775,0314899510,JEE(Main)-2024
77340,28.0421799,0315461210,JEE(Main)-2024
29081,72.5289287,0315424610,JEE(Main)-2024
27517,73.7412359,0315491210,JEE(Main)-2024
23696,77.1915267,0315424510,JEE(Main)-2024
44489,59.6793493,0315460210,JEE(Main)-2024
29694,71.9728478,0315491110,JEE(Main)-2024
36080,66.4622994,0317546110,JEE(Main)-2024
54931,50.7538718,0317591610,JEE(Main)-2024
56370,49.3963053,0317550710,JEE(Main)-2024
33284,68.9875832,0317537210,JEE(Main)-2024
26935,74.3085106,0317591110,JEE(Main)-2024
29519,72.1862872,0317591210,JEE(Main)-2024
55794,49.8308643,0317529310,JEE(Main)-2024
25537,75.5203488,0317524510,JEE(Main)-2024
84088,17.9423292,0317519110,JEE(Main)-2024
28590,72.8403762,0317524610,JEE(Main)-2024
67131,39.6460738,0317561210,JEE(Main)-2024
11109,88.5892135,0317661210,JEE(Main)-2024
4412,94.7900336,0317624510,JEE(Main)-2024
5128,94.0961293,0317624610,JEE(Main)-2024
7095,92.2811716,0317625310,JEE(Main)-2024
7775,91.6565651,0317637210,JEE(Main)-2024
6235,93.1239053,0317699510,JEE(Main)-2024
4934,94.2702553,0317691010,JEE(Main)-2024
15820,84.2977742,0317619110,JEE(Main)-2024
6470,92.9074906,0317690010,JEE(Main)-2024
6612,92.7513289,0317692110,JEE(Main)-2024
18961,81.4196126,0317625910,JEE(Main)-2024
3273,95.8584051,0318237210,JEE(Main)-2024
6811,92.5689123,0318250710,JEE(Main)-2024
2347,96.7784981,0318224610,JEE(Main)-2024
2421,96.7045445,0318299510,JEE(Main)-2024
1905,97.2664115,0318224510,JEE(Main)-2024
15824,84.2977742,0318392010,JEE(Main)-2024
18908,81.5080014,0318391110,JEE(Main)-2024
13044,86.7971076,0318324510,JEE(Main)-2024
17464,82.7686005,0318324610,JEE(Main)-2024
53055,52.2708244,0318319110,JEE(Main)-2024
28654,72.7936103,0318337210,JEE(Main)-2024
61812,44.5556551,0318361610,JEE(Main)-2024
35406,67.1114593,0318361210,JEE(Main)-2024
5575,93.7401825,0318490010,JEE(Main)-2024
3842,95.3214041,0318424510,JEE(Main)-2024
9214,90.3321954,0318461210,JEE(Main)-2024
4303,94.8772566,0318424210,JEE(Main)-2024
4860,94.3599176,0318590010,JEE(Main)-2024
3034,96.0945433,0318524510,JEE(Main)-2024
4169,94.9895480,0318524610,JEE(Main)-2024
4327,94.8604079,0318599510,JEE(Main)-2024
6789,92.5846928,0318591610,JEE(Main)-2024
5956,93.3736630,0318537210,JEE(Main)-2024
32152,69.8571928,0318737210,JEE(Main)-2024
40371,62.8786263,0318750710,JEE(Main)-2024
20728,79.7844567,0318724610,JEE(Main)-2024
87610,10.8929793,0318791810,JEE(Main)-2024
23418,77.4599403,0318799510,JEE(Main)-2024
15950,84.1755688,0318724510,JEE(Main)-2024
44309,59.8276777,0318761210,JEE(Main)-2024
71204,34.9375047,0318719110,JEE(Main)-2024
17044,83.1848940,0318824510,JEE(Main)-2024
60014,46.1869686,0318862410,JEE(Main)-2024
23359,77.4619979,0318890010,JEE(Main)-2024
21070,79.5722895,0318824610,JEE(Main)-2024
21952,78.7132557,0318891110,JEE(Main)-2024
29362,72.2758087,0318950710,JEE(Main)-2024
20889,79.6757881,0318937210,JEE(Main)-2024
41975,61.6843972,0318946610,JEE(Main)-2024
9165,90.3809302,0318924510,JEE(Main)-2024
9823,89.7536330,0318924610,JEE(Main)-2024
45623,58.6610048,0318961210,JEE(Main)-2024
75560,30.4829638,0319019110,JEE(Main)-2024
51291,53.8540500,0319061210,JEE(Main)-2024
63203,43.1588279,0319062410,JEE(Main)-2024
16234,83.9138867,0319024610,JEE(Main)-2024
37287,65.5172740,0319037610,JEE(Main)-2024
16066,84.0198186,0319026310,JEE(Main)-2024
15096,84.9387797,0319024510,JEE(Main)-2024
31395,70.5787934,0319037210,JEE(Main)-2024
58768,47.4197507,0319229310,JEE(Main)-2024
29889,71.8011248,0319292010,JEE(Main)-2024
20569,80.0274115,0319224510,JEE(Main)-2024
25242,75.7901666,0319299510,JEE(Main)-2024
23824,77.0812200,0319291110,JEE(Main)-2024
63237,43.1588279,0319261210,JEE(Main)-2024
77671,27.2706650,0319361210,JEE(Main)-2024
64664,42.0665339,0319350710,JEE(Main)-2024
30432,71.3445815,0319392110,JEE(Main)-2024
28909,72.6699075,0319324510,JEE(Main)-2024
47076,57.5186655,0319337210,JEE(Main)-2024
31468,70.5477463,0319324610,JEE(Main)-2024
16449,83.6733531,0319424610,JEE(Main)-2024
27843,73.6143868,0319437210,JEE(Main)-2024
21472,79.1146984,0319491210,JEE(Main)-2024
43427,60.5733600,0319461210,JEE(Main)-2024
15441,84.6392764,0319424510,JEE(Main)-2024
72026,34.5491435,0319419110,JEE(Main)-2024
48460,56.2873843,0319437810,JEE(Main)-2024
16686,83.5374616,0319499510,JEE(Main)-2024
53643,51.7541555,0319661210,JEE(Main)-2024
13094,86.7630872,0319624510,JEE(Main)-2024
19800,80.7176074,0319692010,JEE(Main)-2024
18956,81.4533784,0319691210,JEE(Main)-2024
28335,72.9923375,0319637210,JEE(Main)-2024
20121,80.3927437,0319691110,JEE(Main)-2024
39033,64.1774008,0319629310,JEE(Main)-2024
19570,80.9683243,0319761210,JEE(Main)-2024
7119,92.2750972,0319737210,JEE(Main)-2024
5220,94.0133696,0319724610,JEE(Main)-2024
4870,94.3579407,0319724510,JEE(Main)-2024
8839,90.6707135,0319729310,JEE(Main)-2024
45359,58.8742611,0319899510,JEE(Main)-2024
44712,59.4921959,0319824610,JEE(Main)-2024
37913,64.9789150,0319824210,JEE(Main)-2024
38414,64.5643132,0319824510,JEE(Main)-2024
1849,97.3251620,0319992010,JEE(Main)-2024
4074,95.0958991,0319961210,JEE(Main)-2024
1500,97.6683893,0319924610,JEE(Main)-2024
1593,97.5892053,0319991210,JEE(Main)-2024
2498,96.6168085,0319937210,JEE(Main)-2024
885,98.4023558,0319924510,JEE(Main)-2024
1760,97.4217070,0319992110,JEE(Main)-2024
1488,97.6970007,0319926310,JEE(Main)-2024
49332,55.5917670,0320091010,JEE(Main)-2024
35862,66.6655105,0320091110,JEE(Main)-2024
47457,57.3011125,0320024610,JEE(Main)-2024
72616,33.4714446,0320037210,JEE(Main)-2024
88509,8.7363016,0320050710,JEE(Main)-2024
34916,67.4708310,0320161210,JEE(Main)-2024
40182,63.2235380,0320119110,JEE(Main)-2024
17745,82.5427557,0320190010,JEE(Main)-2024
10395,89.2384640,0320124510,JEE(Main)-2024
11421,88.3203208,0320199510,JEE(Main)-2024
86003,14.3670255,0320290010,JEE(Main)-2024
61110,45.2445766,0320224510,JEE(Main)-2024
18609,81.7745907,0320390010,JEE(Main)-2024
26320,74.7742358,0320337210,JEE(Main)-2024
34256,68.1212955,0320329310,JEE(Main)-2024
12653,87.1844010,0320324510,JEE(Main)-2024
15040,85.0419414,0320324610,JEE(Main)-2024
17458,82.7686005,0320429310,JEE(Main)-2024
13744,86.1641248,0320437210,JEE(Main)-2024
12306,87.4990650,0320490010,JEE(Main)-2024
8216,91.2411348,0320492110,JEE(Main)-2024
6673,92.6824720,0320424510,JEE(Main)-2024
7842,91.6054439,0320424610,JEE(Main)-2024
26499,74.5994626,0320461210,JEE(Main)-2024
22985,77.8322511,0320656610,JEE(Main)-2024
61064,45.3164723,0320691110,JEE(Main)-2024
86432,13.5512762,0320690010,JEE(Main)-2024
48973,55.8362630,0320624510,JEE(Main)-2024
11885,87.8125666,0320724610,JEE(Main)-2024
15875,84.2471428,0320790010,JEE(Main)-2024
29901,71.8011248,0320761210,JEE(Main)-2024
10788,88.8546124,0320724510,JEE(Main)-2024
19093,81.3266412,0320737210,JEE(Main)-2024
34440,67.8813538,0320760210,JEE(Main)-2024
7367,92.0869394,0320824610,JEE(Main)-2024
6037,93.2917186,0320824510,JEE(Main)-2024
13635,86.2828760,0320837210,JEE(Main)-2024
25271,75.7901666,0320861210,JEE(Main)-2024
4639,94.5520602,0320937210,JEE(Main)-2024
4214,94.9581147,0320999510,JEE(Main)-2024
2934,96.1987432,0320924510,JEE(Main)-2024
3916,95.2492023,0320924610,JEE(Main)-2024
33670,68.6174754,0321037210,JEE(Main)-2024
27652,73.7173337,0321024610,JEE(Main)-2024
23155,77.6558450,0321024510,JEE(Main)-2024
6147,93.2038376,0321124510,JEE(Main)-2024
10550,89.0565174,0321190010,JEE(Main)-2024
10181,89.4363827,0321192110,JEE(Main)-2024
10195,89.4276667,0321192010,JEE(Main)-2024
8455,91.0448398,0321199510,JEE(Main)-2024
7839,91.6054439,0321124610,JEE(Main)-2024
14068,85.8963155,0321137210,JEE(Main)-2024
33897,68.3359129,0321224510,JEE(Main)-2024
11241,88.4954015,0321437210,JEE(Main)-2024
7749,91.6746484,0321492010,JEE(Main)-2024
6438,92.9169333,0321424510,JEE(Main)-2024
8243,91.2334144,0321424610,JEE(Main)-2024
613,98.8014556,0321524210,JEE(Main)-2024
1225,97.9944274,0321537210,JEE(Main)-2024
652,98.7589230,0321524510,JEE(Main)-2024
65051,41.4812919,0321624510,JEE(Main)-2024
60262,46.0832398,0321691110,JEE(Main)-2024
82073,21.1825746,0321637210,JEE(Main)-2024
70409,36.1142708,0321737210,JEE(Main)-2024
41958,61.6843972,0321724510,JEE(Main)-2024
29487,72.1862872,0321891210,JEE(Main)-2024
34415,67.8982939,0321890010,JEE(Main)-2024
22455,78.2179976,0321824510,JEE(Main)-2024
29250,72.3618700,0321892110,JEE(Main)-2024
26894,74.3948499,0321824610,JEE(Main)-2024
58673,47.4238693,0321861210,JEE(Main)-2024
87126,11.8688758,0321937210,JEE(Main)-2024
76348,29.3650075,0321929310,JEE(Main)-2024
57913,48.1018012,0321924510,JEE(Main)-2024
61865,44.4375985,0321991110,JEE(Main)-2024
38297,64.7153175,0321924610,JEE(Main)-2024
54643,50.9711006,0322024510,JEE(Main)-2024
74369,31.6655269,0322019110,JEE(Main)-2024
44726,59.4141074,0322025210,JEE(Main)-2024
61121,45.2445766,0322024610,JEE(Main)-2024
70347,36.1313730,0322092110,JEE(Main)-2024
64781,42.0212766,0322192610,JEE(Main)-2024
47545,57.2424075,0322191110,JEE(Main)-2024
56073,49.5814558,0322137210,JEE(Main)-2024
31295,70.5982353,0322124510,JEE(Main)-2024
33885,68.3359129,0322224510,JEE(Main)-2024
45024,59.2301802,0322224610,JEE(Main)-2024
70196,36.3198089,0322229310,JEE(Main)-2024
58426,47.5550319,0322291110,JEE(Main)-2024
62003,44.2947607,0322361210,JEE(Main)-2024
24599,76.3543069,0322324510,JEE(Main)-2024
36654,66.0357656,0322390010,JEE(Main)-2024
38447,64.5326492,0322392610,JEE(Main)-2024
31679,70.4103342,0322324610,JEE(Main)-2024
53545,51.8093230,0322424510,JEE(Main)-2024
88493,8.7798489,0322492010,JEE(Main)-2024
70311,36.2120221,0322491110,JEE(Main)-2024
62252,44.1712256,0325791610,JEE(Main)-2024
52491,52.9675315,0325737210,JEE(Main)-2024
25885,75.2255614,0325724510,JEE(Main)-2024
32482,69.5628064,0325724610,JEE(Main)-2024
83925,18.2751981,0327793410,JEE(Main)-2024
38486,64.4498458,0327724610,JEE(Main)-2024
33671,68.6174754,0327724510,JEE(Main)-2024
63640,42.7279999,0335191210,JEE(Main)-2024
53671,51.7541555,0335191110,JEE(Main)-2024
42910,60.9834559,0335124510,JEE(Main)-2024
56414,49.3223255,0335156810,JEE(Main)-2024
83790,18.4438201,0335392010,JEE(Main)-2024
56780,49.2401216,0335324610,JEE(Main)-2024
66198,40.3058173,0335324510,JEE(Main)-2024
72368,33.8362967,0335392110,JEE(Main)-2024
16682,83.5374616,0342324510,JEE(Main)-2024
26303,74.7919000,0342361210,JEE(Main)-2024
25863,75.2255614,0342390010,JEE(Main)-2024
31776,70.2243620,0342337210,JEE(Main)-2024
24457,76.4471767,0342324610,JEE(Main)-2024
38193,64.7375694,0342319110,JEE(Main)-2024
59405,46.6975840,0343624510,JEE(Main)-2024
67617,39.1527671,0343624610,JEE(Main)-2024
68904,37.8563695,0343691110,JEE(Main)-2024
80424,23.7911679,0343690010,JEE(Main)-2024
34667,67.6618121,0343991210,JEE(Main)-2024
61739,44.5556551,0343992610,JEE(Main)-2024
83280,19.3793840,0343919110,JEE(Main)-2024
36349,66.3654780,0343990010,JEE(Main)-2024
57421,48.5377286,0343961210,JEE(Main)-2024
32722,69.5118917,0343991110,JEE(Main)-2024
28085,73.2786671,0343924510,JEE(Main)-2024
76882,28.5249776,0344024510,JEE(Main)-2024
62260,44.1712256,0344592110,JEE(Main)-2024
76810,28.6332617,0344592010,JEE(Main)-2024
68107,38.4339263,0344524510,JEE(Main)-2024
68714,38.0226644,0344724510,JEE(Main)-2024
31173,70.7434834,0346024610,JEE(Main)-2024
32327,69.7521771,0346092110,JEE(Main)-2024
39740,63.5337786,0346092410,JEE(Main)-2024
27727,73.7173337,0346024510,JEE(Main)-2024
75677,30.3053358,0346224510,JEE(Main)-2024
80773,23.3384091,0346284410,JEE(Main)-2024
27824,73.6143868,0346524210,JEE(Main)-2024
54919,50.8208297,0346537210,JEE(Main)-2024
77344,27.9984424,0346737210,JEE(Main)-2024
52765,52.6966136,0346791110,JEE(Main)-2024
23031,77.7755664,0346724510,JEE(Main)-2024
20422,80.2019630,0347024210,JEE(Main)-2024
67330,39.4204787,0347024510,JEE(Main)-2024
33585,68.6174754,0347125710,JEE(Main)-2024
64508,42.2324016,0347161210,JEE(Main)-2024
27023,74.2031381,0347124510,JEE(Main)-2024
28441,72.9696541,0347199510,JEE(Main)-2024
66969,39.7199436,0347162410,JEE(Main)-2024
49978,55.0466064,0347519110,JEE(Main)-2024
16484,83.6471647,0347524510,JEE(Main)-2024
20591,80.0165591,0347524610,JEE(Main)-2024
18119,82.2058537,0347591110,JEE(Main)-2024
28790,72.7256174,0347561210,JEE(Main)-2024
20199,80.3777053,0347591210,JEE(Main)-2024
34026,68.2394281,0347724510,JEE(Main)-2024
51771,53.4068257,0350326310,JEE(Main)-2024
52326,52.9946164,0350324610,JEE(Main)-2024
43788,60.1566683,0350324510,JEE(Main)-2024
61769,44.5556551,0354691110,JEE(Main)-2024
73536,32.7021369,0354661210,JEE(Main)-2024
60378,45.8118701,0354624510,JEE(Main)-2024
79651,24.8312223,0410461210,JEE(Main)-2024
54848,50.8208297,0410437010,JEE(Main)-2024
48473,56.2873843,0410424610,JEE(Main)-2024
89607,5.4813318,0410419110,JEE(Main)-2024
72218,34.3450426,0410429310,JEE(Main)-2024
47861,56.8895744,0410425110,JEE(Main)-2024
29860,71.8367839,0411629310,JEE(Main)-2024
40376,62.8786263,0411661210,JEE(Main)-2024
45420,58.7987235,0411619110,JEE(Main)-2024
20571,80.0256190,0411637210,JEE(Main)-2024
19235,81.1580882,0411691710,JEE(Main)-2024
18264,82.0388440,0411626010,JEE(Main)-2024
18930,81.4533784,0411699710,JEE(Main)-2024
18679,81.6857523,0411624610,JEE(Main)-2024
31934,70.1399487,0411637610,JEE(Main)-2024
20126,80.3927437,0411626710,JEE(Main)-2024
13681,86.2249254,0411691310,JEE(Main)-2024
10942,88.7708520,0411624210,JEE(Main)-2024
16400,83.6968283,0411691110,JEE(Main)-2024
74278,31.7534969,0411824510,JEE(Main)-2024
79980,24.2419994,0411837210,JEE(Main)-2024
42998,60.9699146,0412329310,JEE(Main)-2024
33983,68.3128033,0412337010,JEE(Main)-2024
47833,56.8895744,0412361210,JEE(Main)-2024
21775,78.9149832,0412324610,JEE(Main)-2024
34021,68.2394281,0412326510,JEE(Main)-2024
50680,54.4576426,0412319110,JEE(Main)-2024
27698,73.7173337,0412337210,JEE(Main)-2024
25016,75.9911294,0412326610,JEE(Main)-2024
17753,82.5370258,0412324210,JEE(Main)-2024
19593,80.9001683,0412300210,JEE(Main)-2024
23106,77.7169206,0412325110,JEE(Main)-2024
37405,65.2809420,0412350710,JEE(Main)-2024
20504,80.0308535,0412399510,JEE(Main)-2024
51363,53.7750944,0413324210,JEE(Main)-2024
80996,23.0331736,0413337210,JEE(Main)-2024
67398,39.3456878,0413324510,JEE(Main)-2024
70061,36.4386792,0413437210,JEE(Main)-2024
62981,43.5428977,0413491210,JEE(Main)-2024
57861,48.1018012,0413499710,JEE(Main)-2024
55116,50.5898108,0413424610,JEE(Main)-2024
34946,67.4708310,0413424210,JEE(Main)-2024
54274,51.2103001,0413524210,JEE(Main)-2024
61846,44.5556551,0413524610,JEE(Main)-2024
74897,30.9483531,0413537210,JEE(Main)-2024
46806,57.7205882,0413629310,JEE(Main)-2024
51513,53.5662784,0413619110,JEE(Main)-2024
33661,68.6174754,0413637210,JEE(Main)-2024
23445,77.4599403,0413699710,JEE(Main)-2024
20163,80.3777053,0413624210,JEE(Main)-2024
37043,65.7022258,0413729310,JEE(Main)-2024
25939,75.1739746,0413724210,JEE(Main)-2024
28068,73.3320946,0413791210,JEE(Main)-2024
27821,73.6143868,0413791110,JEE(Main)-2024
34880,67.5012775,0413737210,JEE(Main)-2024
42076,61.6108161,0413761210,JEE(Main)-2024
46567,57.8069025,0413829310,JEE(Main)-2024
64652,42.0665339,0413819110,JEE(Main)-2024
27080,74.1650661,0413824210,JEE(Main)-2024
43578,60.2808884,0413891210,JEE(Main)-2024
42760,61.0211990,0413837210,JEE(Main)-2024
67613,39.1527671,0413861210,JEE(Main)-2024
39797,63.4720353,0413824610,JEE(Main)-2024
37685,65.2090332,0413899710,JEE(Main)-2024
47772,56.8895744,0413984410,JEE(Main)-2024
57628,48.2928590,0413961210,JEE(Main)-2024
36845,65.8025383,0413924210,JEE(Main)-2024
43284,60.5916673,0413991110,JEE(Main)-2024
48717,56.0687777,0413992810,JEE(Main)-2024
53125,52.1845339,0413929310,JEE(Main)-2024
77756,27.2136862,0414199510,JEE(Main)-2024
20400,80.2235814,0414291010,JEE(Main)-2024
37758,65.0561876,0414219110,JEE(Main)-2024
21707,78.9227248,0414291710,JEE(Main)-2024
14365,85.5871602,0414224610,JEE(Main)-2024
22921,77.8322522,0414237210,JEE(Main)-2024
11216,88.4984729,0414224210,JEE(Main)-2024
41150,62.3601588,0414261210,JEE(Main)-2024
21889,78.7607666,0414299710,JEE(Main)-2024
28501,72.9086360,0414229310,JEE(Main)-2024
49779,55.1090064,0414424210,JEE(Main)-2024
85468,15.3989990,0414429310,JEE(Main)-2024
56193,49.4522425,0414424610,JEE(Main)-2024
86613,13.2515047,0414461210,JEE(Main)-2024
53096,52.1845339,0414599510,JEE(Main)-2024
88464,8.8095594,0414561210,JEE(Main)-2024
54900,50.8208297,0414537210,JEE(Main)-2024
51027,54.2004802,0414524210,JEE(Main)-2024
77549,27.8601519,0414529310,JEE(Main)-2024
60206,46.0832398,0414719110,JEE(Main)-2024
36030,66.5773877,0414724610,JEE(Main)-2024
57377,48.5852903,0414729310,JEE(Main)-2024
55724,49.8710905,0414761210,JEE(Main)-2024
31949,70.1399487,0414724210,JEE(Main)-2024
39898,63.3987981,0414799510,JEE(Main)-2024
44405,59.7739944,0414737210,JEE(Main)-2024
78765,25.7694988,0415161210,JEE(Main)-2024
74014,32.0057037,0415129310,JEE(Main)-2024
60104,46.1308076,0415192110,JEE(Main)-2024
80074,24.2039028,0415119110,JEE(Main)-2024
58027,48.0088741,0415191210,JEE(Main)-2024
68316,38.1695803,0415137010,JEE(Main)-2024
25034,76.9338484,0415108210,JEE(Main)-2024
45610,58.6610048,0415100210,JEE(Main)-2024
43046,60.8949481,0415124210,JEE(Main)-2024
48826,56.0063988,0415124610,JEE(Main)-2024
70350,36.1313730,0416337010,JEE(Main)-2024
46826,57.7205882,0416324210,JEE(Main)-2024
65725,40.8865248,0416370110,JEE(Main)-2024
76892,28.4639143,0416329310,JEE(Main)-2024
56680,49.2543008,0416391210,JEE(Main)-2024
11058,88.6482790,0416791110,JEE(Main)-2024
18103,82.2058537,0416725710,JEE(Main)-2024
35934,66.6376422,0416735610,JEE(Main)-2024
20796,79.7597457,0416737210,JEE(Main)-2024
16097,83.9824953,0416799510,JEE(Main)-2024
16495,83.6440646,0416726710,JEE(Main)-2024
9405,90.1760513,0416724210,JEE(Main)-2024
17199,82.9710860,0416725110,JEE(Main)-2024
42920,60.9834559,0416719110,JEE(Main)-2024
37912,65.0225298,0416761210,JEE(Main)-2024
31269,70.5982353,0416737810,JEE(Main)-2024
28941,72.6133542,0416737610,JEE(Main)-2024
16085,84.0047360,0416724610,JEE(Main)-2024
33445,68.7472982,0417226310,JEE(Main)-2024
35127,67.2961860,0417224210,JEE(Main)-2024
71726,34.7059173,0417261210,JEE(Main)-2024
70346,36.1313730,0417229310,JEE(Main)-2024
44322,59.8276777,0417237210,JEE(Main)-2024
74406,31.6061014,0417219110,JEE(Main)-2024
21770,78.9149832,0417437210,JEE(Main)-2024
21996,78.6760812,0417426210,JEE(Main)-2024
36564,66.1194727,0417426510,JEE(Main)-2024
44298,59.8276777,0417419110,JEE(Main)-2024
32688,69.5118917,0417429310,JEE(Main)-2024
16684,83.5374616,0417491210,JEE(Main)-2024
17064,83.0984451,0417424610,JEE(Main)-2024
16283,83.8028169,0417424510,JEE(Main)-2024
18771,81.6427323,0417426010,JEE(Main)-2024
19660,80.8264647,0417499710,JEE(Main)-2024
35205,67.1648348,0417461210,JEE(Main)-2024
61055,45.3164723,0417524210,JEE(Main)-2024
61976,44.2947607,0417719110,JEE(Main)-2024
38764,64.3362689,0417737010,JEE(Main)-2024
55642,49.9560715,0417761210,JEE(Main)-2024
18453,81.8937208,0417724210,JEE(Main)-2024
22802,77.9653458,0417724610,JEE(Main)-2024
90630,1.6546662,0418137210,JEE(Main)-2024
88623,8.2703088,0418824210,JEE(Main)-2024
73704,36.2600190,0418850310,JEE(Main)-2024
88491,8.7798489,0419029310,JEE(Main)-2024
56647,49.2543008,0419224210,JEE(Main)-2024
74928,30.9483531,0419291110,JEE(Main)-2024
63347,43.0214600,0419391210,JEE(Main)-2024
52299,53.0111146,0419391110,JEE(Main)-2024
37980,64.9050180,0419324210,JEE(Main)-2024
70516,36.0468249,0419337010,JEE(Main)-2024
58890,47.3676202,0419691010,JEE(Main)-2024
79885,24.3000585,0419637210,JEE(Main)-2024
70548,36.0468249,0419692110,JEE(Main)-2024
47279,57.3240008,0419624210,JEE(Main)-2024
69428,37.1033368,0419691210,JEE(Main)-2024
63900,42.5517120,0428519110,JEE(Main)-2024
66630,40.0084975,0428524610,JEE(Main)-2024
44626,59.6793493,0430461250,JEE(Main)-2024
20005,80.4783983,0430424550,JEE(Main)-2024
26671,74.5577528,0430437250,JEE(Main)-2024
59492,46.6555544,0461326510,JEE(Main)-2024
81837,21.6377935,0461361210,JEE(Main)-2024
47323,57.3147779,0461391210,JEE(Main)-2024
59622,46.5681292,0461337210,JEE(Main)-2024
46527,57.8069025,0461324510,JEE(Main)-2024
73612,32.6240189,0461329310,JEE(Main)-2024
78131,26.9375191,0461319110,JEE(Main)-2024
88316,9.0713172,0464824610,JEE(Main)-2024
87558,11.0628966,0464824210,JEE(Main)-2024
52089,53.0226888,0464919110,JEE(Main)-2024
28877,72.7256174,0464924510,JEE(Main)-2024
43855,60.1042781,0464929310,JEE(Main)-2024
45347,58.8742611,0464961210,JEE(Main)-2024
83019,19.9863358,0467993610,JEE(Main)-2024
54029,51.4671199,0467929310,JEE(Main)-2024
73631,32.6240189,0510319110,JEE(Main)-2024
70369,36.1313730,0510337610,JEE(Main)-2024
44552,59.6793493,0510324510,JEE(Main)-2024
68299,38.1695803,0510361210,JEE(Main)-2024
56839,49.2401216,0510337210,JEE(Main)-2024
55720,49.8710905,0510384410,JEE(Main)-2024
38372,64.7153175,0510424510,JEE(Main)-2024
64131,42.4493618,0510450710,JEE(Main)-2024
62462,43.9288980,0510461210,JEE(Main)-2024
46606,57.8061345,0510437210,JEE(Main)-2024
68375,38.1372939,0510429310,JEE(Main)-2024
84650,16.7854751,0510419110,JEE(Main)-2024
84012,18.0068996,0510684410,JEE(Main)-2024
58961,46.8430082,0510691210,JEE(Main)-2024
53445,52.0362075,0510624510,JEE(Main)-2024
27480,73.7627293,0510824610,JEE(Main)-2024
50731,54.3784475,0510819110,JEE(Main)-2024
31921,70.1399487,0510837210,JEE(Main)-2024
28937,72.6699075,0510826310,JEE(Main)-2024
24370,76.4636614,0510824510,JEE(Main)-2024
45167,59.1550456,0510846410,JEE(Main)-2024
48419,56.2873843,0510861210,JEE(Main)-2024
41042,62.3601588,0510829310,JEE(Main)-2024
37946,64.9789150,0510992110,JEE(Main)-2024
55964,49.8111979,0510991610,JEE(Main)-2024
55396,50.1654969,0510929310,JEE(Main)-2024
32353,69.7145887,0510924510,JEE(Main)-2024
33402,68.8362969,0510999510,JEE(Main)-2024
34036,68.2394281,0510924610,JEE(Main)-2024
28250,73.1330990,0510956610,JEE(Main)-2024
38532,64.4404871,0510937210,JEE(Main)-2024
69110,37.6039393,0510919110,JEE(Main)-2024
62301,44.0508810,0510961210,JEE(Main)-2024
12953,86.8609531,0512124610,JEE(Main)-2024
25950,75.1739746,0512121910,JEE(Main)-2024
34257,68.1212955,0512161210,JEE(Main)-2024
17672,82.6064894,0512137210,JEE(Main)-2024
14483,85.5110299,0512199510,JEE(Main)-2024
15970,84.1755688,0512125710,JEE(Main)-2024
40654,62.7445130,0512150710,JEE(Main)-2024
40372,62.8786263,0512119110,JEE(Main)-2024
29625,72.0547535,0512129310,JEE(Main)-2024
10464,89.1917153,0512124510,JEE(Main)-2024
45122,59.1819949,0512424510,JEE(Main)-2024
83695,18.5486338,0512462410,JEE(Main)-2024
51724,53.4068257,0512424610,JEE(Main)-2024
78604,26.3085090,0512484410,JEE(Main)-2024
52083,53.0226888,0512524610,JEE(Main)-2024
65521,41.0479619,0512584410,JEE(Main)-2024
72402,33.6208642,0512550710,JEE(Main)-2024
37124,65.6408730,0512524510,JEE(Main)-2024
51510,53.5662784,0513024510,JEE(Main)-2024
52378,52.9715081,0513961210,JEE(Main)-2024
34868,67.5095821,0513999510,JEE(Main)-2024
52318,52.9946164,0513991610,JEE(Main)-2024
43406,60.5733600,0513937210,JEE(Main)-2024
64900,41.7350505,0513946410,JEE(Main)-2024
62856,43.5597145,0513950710,JEE(Main)-2024
64866,41.7350505,0513919110,JEE(Main)-2024
36669,66.0357656,0513924610,JEE(Main)-2024
43112,60.8949481,0513984410,JEE(Main)-2024
30995,70.8363852,0513924510,JEE(Main)-2024
44668,59.5678435,0515129310,JEE(Main)-2024
25984,75.1712957,0515199510,JEE(Main)-2024
34588,67.8308824,0515137210,JEE(Main)-2024
52859,52.4962805,0515119110,JEE(Main)-2024
50964,54.2765449,0515161210,JEE(Main)-2024
24118,76.7599056,0515124510,JEE(Main)-2024
24455,76.4471767,0515124610,JEE(Main)-2024
32763,69.4141317,0515291310,JEE(Main)-2024
69866,36.6180714,0515219110,JEE(Main)-2024
64154,42.4493618,0515261210,JEE(Main)-2024
55372,50.2204774,0515229310,JEE(Main)-2024
44949,59.2301802,0515237210,JEE(Main)-2024
27492,73.7627293,0515224210,JEE(Main)-2024
35630,66.9185014,0515224610,JEE(Main)-2024
35301,67.1469863,0515291110,JEE(Main)-2024
32123,69.8655117,0515291210,JEE(Main)-2024
33644,68.6174754,0516029310,JEE(Main)-2024
55854,49.8142964,0516091510,JEE(Main)-2024
35940,66.6376422,0516061210,JEE(Main)-2024
19248,81.1580882,0516024610,JEE(Main)-2024
14822,85.2005235,0516024510,JEE(Main)-2024
21792,78.9149832,0516084410,JEE(Main)-2024
55155,50.5250721,0516019110,JEE(Main)-2024
28762,72.7256174,0516062410,JEE(Main)-2024
71269,34.9375047,0516129310,JEE(Main)-2024
72938,33.2232604,0516161210,JEE(Main)-2024
52100,53.0226888,0516125710,JEE(Main)-2024
36192,66.3978839,0516124510,JEE(Main)-2024
46401,57.9935072,0516137210,JEE(Main)-2024
41227,62.2823599,0516124610,JEE(Main)-2024
46510,57.8069025,0516199510,JEE(Main)-2024
84648,16.7854751,0516119110,JEE(Main)-2024
42143,61.5247040,0516291610,JEE(Main)-2024
42444,61.2790648,0516261210,JEE(Main)-2024
22238,78.4959203,0516224610,JEE(Main)-2024
31795,70.2057789,0516237210,JEE(Main)-2024
18212,82.1733811,0516224510,JEE(Main)-2024
28355,72.9923375,0516299510,JEE(Main)-2024
57216,48.6301306,0516219110,JEE(Main)-2024
41095,62.3601588,0516229310,JEE(Main)-2024
31006,70.8363852,0516284410,JEE(Main)-2024
79301,25.2000150,0516437210,JEE(Main)-2024
86155,14.0892338,0516446610,JEE(Main)-2024
39786,63.4720353,0516424510,JEE(Main)-2024
88595,8.3109763,0516419110,JEE(Main)-2024
71393,34.7551904,0516824510,JEE(Main)-2024
70352,36.1313730,0516924510,JEE(Main)-2024
90614,1.7683837,0516937210,JEE(Main)-2024
76910,28.4639143,0517091210,JEE(Main)-2024
72471,33.5699354,0517024210,JEE(Main)-2024
80511,23.7322411,0517084410,JEE(Main)-2024
79051,25.5853094,0517037210,JEE(Main)-2024
74777,31.0231213,0517137210,JEE(Main)-2024
56379,49.3963053,0517124510,JEE(Main)-2024
63097,43.4350639,0517126310,JEE(Main)-2024
35859,66.6655105,0517219110,JEE(Main)-2024
30929,70.8647980,0517229310,JEE(Main)-2024
19324,81.1206661,0517224510,JEE(Main)-2024
23402,77.4599403,0517224610,JEE(Main)-2024
24432,76.4471767,0517292110,JEE(Main)-2024
35978,66.6376422,0517261210,JEE(Main)-2024
22886,77.8322522,0517291210,JEE(Main)-2024
21764,78.9149832,0517299510,JEE(Main)-2024
28044,73.3320946,0517237210,JEE(Main)-2024
45787,58.5764923,0517361210,JEE(Main)-2024
29752,71.8775001,0517324510,JEE(Main)-2024
32044,69.9483766,0517399510,JEE(Main)-2024
49944,55.0466064,0517319110,JEE(Main)-2024
35795,66.6655105,0517337210,JEE(Main)-2024
86404,13.5512762,0517719110,JEE(Main)-2024
40315,62.9605616,0517724510,JEE(Main)-2024
47493,57.3011125,0517737210,JEE(Main)-2024
65673,40.9215197,0517729310,JEE(Main)-2024
72931,33.2232604,0517761210,JEE(Main)-2024
45656,58.6258093,0517799510,JEE(Main)-2024
58904,47.3497393,0517784410,JEE(Main)-2024
43529,60.3012620,0517724610,JEE(Main)-2024
62270,44.1712256,0517924510,JEE(Main)-2024
60700,45.5083235,0517926310,JEE(Main)-2024
74854,30.9483531,0517961210,JEE(Main)-2024
31004,70.8363852,0518124510,JEE(Main)-2024
39883,63.3987981,0518137210,JEE(Main)-2024
35042,67.3330092,0518199510,JEE(Main)-2024
69540,37.0102438,0518119110,JEE(Main)-2024
66195,40.3058173,0518161210,JEE(Main)-2024
62461,43.9288980,0518129310,JEE(Main)-2024
62345,44.0508810,0518237210,JEE(Main)-2024
51723,53.4068257,0518224510,JEE(Main)-2024
79033,25.5853094,0518229310,JEE(Main)-2024
45392,58.7987235,0518226310,JEE(Main)-2024
85601,15.1167612,0518261210,JEE(Main)-2024
49900,55.0466064,0518424510,JEE(Main)-2024
59370,46.6975840,0518437210,JEE(Main)-2024
51250,53.8673850,0524491610,JEE(Main)-2024
90518,2.1494091,0524492210,JEE(Main)-2024
37003,65.7022258,0524425710,JEE(Main)-2024
78584,26.3085090,0525624610,JEE(Main)-2024
59558,46.5960891,0525624510,JEE(Main)-2024
61537,44.8443341,0526324510,JEE(Main)-2024
57601,48.2928590,0530324510,JEE(Main)-2024
83101,19.7840516,0530384410,JEE(Main)-2024
24935,76.0808449,0532229310,JEE(Main)-2024
61130,45.2445766,0532261210,JEE(Main)-2024
37616,65.2483111,0533037210,JEE(Main)-2024
32414,69.6382163,0533099510,JEE(Main)-2024
64457,42.2939937,0533061210,JEE(Main)-2024
23507,77.3846775,0533024610,JEE(Main)-2024
13185,86.6779118,0533024510,JEE(Main)-2024
33611,68.6174754,0533124510,JEE(Main)-2024
44506,59.6793493,0533137210,JEE(Main)-2024
68988,37.8563695,0533129310,JEE(Main)-2024
79065,25.5813182,0533119110,JEE(Main)-2024
69661,36.6705729,0533161210,JEE(Main)-2024
87140,11.8688758,0536525110,JEE(Main)-2024
90570,1.8854877,0536561210,JEE(Main)-2024
88606,8.3060671,0538024610,JEE(Main)-2024
86384,13.5512762,0538024510,JEE(Main)-2024
89184,6.7181546,0538099510,JEE(Main)-2024
84837,16.4738832,0538124210,JEE(Main)-2024
46099,58.2354795,0538224510,JEE(Main)-2024
58300,47.6974853,0538226310,JEE(Main)-2024
88554,8.4628318,0538261210,JEE(Main)-2024
69609,36.8365062,0538237210,JEE(Main)-2024
81751,21.6700467,0539061210,JEE(Main)-2024
76356,29.3237906,0539029310,JEE(Main)-2024
40127,63.2235380,0539024510,JEE(Main)-2024
83553,18.8896018,0539019110,JEE(Main)-2024
44536,59.6793493,0539024610,JEE(Main)-2024
47189,57.3937263,0539092110,JEE(Main)-2024
44501,59.6793493,0539624510,JEE(Main)-2024
56695,49.2543008,0539924610,JEE(Main)-2024
49223,55.6781294,0539924510,JEE(Main)-2024
52324,52.9946164,0539992110,JEE(Main)-2024
60106,46.1308076,0540126310,JEE(Main)-2024
73692,32.5587952,0540161210,JEE(Main)-2024
53275,52.1076408,0540124510,JEE(Main)-2024
60218,46.0832398,0540124610,JEE(Main)-2024
74912,30.9483531,0540824510,JEE(Main)-2024
63350,43.0214600,0540924510,JEE(Main)-2024
76480,29.1881299,0541137210,JEE(Main)-2024
70448,36.0493995,0541124510,JEE(Main)-2024
89436,6.0434238,0541161210,JEE(Main)-2024
58368,47.6296012,0541891610,JEE(Main)-2024
36749,65.8994288,0541826310,JEE(Main)-2024
68372,38.1372939,0541819110,JEE(Main)-2024
59238,46.7185244,0541829310,JEE(Main)-2024
34155,68.2213405,0541824510,JEE(Main)-2024
64265,42.4178836,0541861210,JEE(Main)-2024
40831,62.5868591,0543384410,JEE(Main)-2024
37749,65.0561876,0543324610,JEE(Main)-2024
33589,68.6174754,0543392110,JEE(Main)-2024
27545,73.7300314,0543324510,JEE(Main)-2024
39756,63.4728961,0544929310,JEE(Main)-2024
45242,59.1341107,0544961210,JEE(Main)-2024
25369,75.7071997,0544992110,JEE(Main)-2024
33558,68.6174754,0544991710,JEE(Main)-2024
23584,77.2447818,0544924610,JEE(Main)-2024
23006,77.7755664,0544924510,JEE(Main)-2024
50189,54.8536973,0544919110,JEE(Main)-2024
55127,50.5898108,0549791710,JEE(Main)-2024
43943,60.0923182,0550937210,JEE(Main)-2024
52245,53.0183877,0550924510,JEE(Main)-2024
4051,95.1286765,0600721970,JEE(Main)-2024
2816,96.3216590,0600792170,JEE(Main)-2024
2448,96.6677233,0600724670,JEE(Main)-2024
1748,97.4401638,0600724270,JEE(Main)-2024
21408,79.2439951,0612291210,JEE(Main)-2024
67468,39.3011281,0612261210,JEE(Main)-2024
28115,73.2350300,0612237210,JEE(Main)-2024
19233,81.1580882,0612224510,JEE(Main)-2024
71378,34.7551904,0612219110,JEE(Main)-2024
34154,68.2213405,0613837210,JEE(Main)-2024
71456,34.7461905,0613819110,JEE(Main)-2024
29803,71.8716360,0613824610,JEE(Main)-2024
57939,48.1018012,0613861210,JEE(Main)-2024
23967,76.9338484,0613824510,JEE(Main)-2024
30735,71.1409851,0613826310,JEE(Main)-2024
13410,86.4802997,0613984410,JEE(Main)-2024
11535,88.2009665,0613992110,JEE(Main)-2024
9088,90.4651529,0613924510,JEE(Main)-2024
10524,89.0807089,0613924610,JEE(Main)-2024
14532,85.4539444,0613937210,JEE(Main)-2024
11452,88.2988047,0613999510,JEE(Main)-2024
36116,66.4341079,0613961210,JEE(Main)-2024
28691,72.7843348,0613929310,JEE(Main)-2024
23319,77.5091755,0614129310,JEE(Main)-2024
6412,92.9267335,0614124510,JEE(Main)-2024
30665,71.1805620,0614119110,JEE(Main)-2024
8168,91.2867563,0614126210,JEE(Main)-2024
15782,84.3167371,0614191610,JEE(Main)-2024
7452,91.9767966,0614124610,JEE(Main)-2024
30439,71.3374029,0614161210,JEE(Main)-2024
11376,88.3519080,0614137210,JEE(Main)-2024
31694,70.4103342,0614499510,JEE(Main)-2024
70077,36.4386792,0614461210,JEE(Main)-2024
32341,69.7145887,0614492110,JEE(Main)-2024
29102,72.4780171,0614424610,JEE(Main)-2024
72141,34.3450426,0614419110,JEE(Main)-2024
32411,69.6382163,0614437210,JEE(Main)-2024
26209,74.9092973,0614424510,JEE(Main)-2024
43214,60.7590468,0614561210,JEE(Main)-2024
22542,78.2081147,0614537210,JEE(Main)-2024
31743,70.3812289,0614529310,JEE(Main)-2024
14074,85.8963155,0614524610,JEE(Main)-2024
13619,86.3102151,0614526310,JEE(Main)-2024
12655,87.1844010,0614524510,JEE(Main)-2024
8772,90.7092489,0614691210,JEE(Main)-2024
21391,79.2439951,0614650710,JEE(Main)-2024
8573,90.8926072,0614624610,JEE(Main)-2024
8633,90.8622065,0614691110,JEE(Main)-2024
8391,91.0619594,0614692710,JEE(Main)-2024
7777,91.6486960,0614624510,JEE(Main)-2024
23633,77.2187523,0614619110,JEE(Main)-2024
12636,87.2364040,0614637210,JEE(Main)-2024
24293,76.5791743,0614661210,JEE(Main)-2024
70970,35.3619737,0614961210,JEE(Main)-2024
38120,64.7598923,0614937210,JEE(Main)-2024
30363,71.3769198,0614924610,JEE(Main)-2024
80286,23.9899492,0614919110,JEE(Main)-2024
43957,60.0923182,0614984410,JEE(Main)-2024
36787,65.8983654,0614992110,JEE(Main)-2024
30958,70.8647980,0614999510,JEE(Main)-2024
61975,44.2947607,0614925310,JEE(Main)-2024
27853,73.6143868,0614924510,JEE(Main)-2024
39815,63.4720353,0615519110,JEE(Main)-2024
12670,87.1431618,0615591210,JEE(Main)-2024
30542,71.3374029,0615529310,JEE(Main)-2024
12436,87.3006528,0615526010,JEE(Main)-2024
10098,89.4812734,0615524510,JEE(Main)-2024
33289,68.9875832,0615561210,JEE(Main)-2024
11486,88.2275404,0615591110,JEE(Main)-2024
17604,82.6491700,0615537210,JEE(Main)-2024
12590,87.2391946,0615524610,JEE(Main)-2024
12559,87.2479796,0615591310,JEE(Main)-2024
16058,84.0409163,0615637210,JEE(Main)-2024
12414,87.3280245,0615699510,JEE(Main)-2024
36007,66.5773877,0615661210,JEE(Main)-2024
9101,90.4637570,0615624510,JEE(Main)-2024
11271,88.4225860,0615624610,JEE(Main)-2024
30483,71.3374029,0615629310,JEE(Main)-2024
11467,88.2748243,0617561210,JEE(Main)-2024
3264,95.8911102,0617591110,JEE(Main)-2024
3022,96.1095558,0617524590,JEE(Main)-2024
10152,89.4517684,0617519110,JEE(Main)-2024
2252,96.8674580,0617524510,JEE(Main)-2024
3222,95.9133237,0617524610,JEE(Main)-2024
5184,94.0824392,0617537210,JEE(Main)-2024
4888,94.5423951,0617708210,JEE(Main)-2024
9053,90.4898570,0617724510,JEE(Main)-2024
10174,89.4431141,0617724610,JEE(Main)-2024
17089,83.0877922,0617737210,JEE(Main)-2024
42169,61.5247040,0617761210,JEE(Main)-2024
46542,57.8069025,0617719110,JEE(Main)-2024
35553,66.9569433,0617750710,JEE(Main)-2024
56830,49.2401216,0617861210,JEE(Main)-2024
22753,78.0508065,0617837210,JEE(Main)-2024
14112,85.8649251,0617824610,JEE(Main)-2024
13108,86.7538709,0617824510,JEE(Main)-2024
20103,80.3927437,0617999510,JEE(Main)-2024
50128,54.8907700,0617961210,JEE(Main)-2024
24902,76.0877028,0617937210,JEE(Main)-2024
19546,80.9683243,0617924610,JEE(Main)-2024
18341,82.0077648,0617924510,JEE(Main)-2024
28702,72.7843348,0618237210,JEE(Main)-2024
18687,81.6857523,0618224610,JEE(Main)-2024
16988,83.1852895,0618224510,JEE(Main)-2024
60722,45.5083235,0618261210,JEE(Main)-2024
57242,48.6301306,0618219110,JEE(Main)-2024
36296,66.3654780,0618337210,JEE(Main)-2024
30625,71.1861396,0618324510,JEE(Main)-2024
71425,34.7461905,0618361210,JEE(Main)-2024
35816,66.6655105,0618437210,JEE(Main)-2024
62636,43.7729363,0618429310,JEE(Main)-2024
29439,72.1885748,0618424610,JEE(Main)-2024
27813,73.6143868,0618424510,JEE(Main)-2024
77359,27.9984424,0618461210,JEE(Main)-2024
69660,36.6705729,0618419110,JEE(Main)-2024
72342,33.8362967,0618561210,JEE(Main)-2024
29033,72.5624486,0618537210,JEE(Main)-2024
39370,63.7478515,0618529310,JEE(Main)-2024
16101,83.9824953,0618524510,JEE(Main)-2024
16805,83.3555515,0618524610,JEE(Main)-2024
19863,80.6584467,0618724610,JEE(Main)-2024
30624,71.1861396,0618737210,JEE(Main)-2024
65621,40.9346038,0618719110,JEE(Main)-2024
18054,82.3027438,0618724510,JEE(Main)-2024
75888,29.8015715,0618761210,JEE(Main)-2024
52784,52.6966136,0620362410,JEE(Main)-2024
53886,51.6406469,0620361210,JEE(Main)-2024
16630,83.5713338,0620324510,JEE(Main)-2024
65662,40.9215197,0620319110,JEE(Main)-2024
20725,79.8086785,0620399510,JEE(Main)-2024
24379,76.4636614,0620326610,JEE(Main)-2024
26796,74.4848650,0620624510,JEE(Main)-2024
23763,77.0955651,0620699510,JEE(Main)-2024
32460,69.5628064,0620637210,JEE(Main)-2024
27128,74.1064138,0620624610,JEE(Main)-2024
73240,33.0683459,0620661210,JEE(Main)-2024
16504,83.6440646,0620729310,JEE(Main)-2024
13595,86.3150089,0620791610,JEE(Main)-2024
27052,74.1809752,0620746610,JEE(Main)-2024
24305,76.5791743,0620761210,JEE(Main)-2024
32559,69.5584733,0620719110,JEE(Main)-2024
6699,92.6459586,0620724510,JEE(Main)-2024
10909,88.8062928,0620737210,JEE(Main)-2024
7195,92.2187153,0620724610,JEE(Main)-2024
8550,90.9018423,0620799510,JEE(Main)-2024
19510,81.0122069,0621491110,JEE(Main)-2024
45375,58.8742611,0621462410,JEE(Main)-2024
16608,83.5778944,0621424510,JEE(Main)-2024
47439,57.3147779,0621421910,JEE(Main)-2024
26725,74.5526686,0621437210,JEE(Main)-2024
18862,81.5751525,0621456810,JEE(Main)-2024
48391,56.4117911,0621461210,JEE(Main)-2024
36965,65.7022258,0621419110,JEE(Main)-2024
36041,66.5046002,0621429310,JEE(Main)-2024
75451,30.5015334,0621724210,JEE(Main)-2024
56262,49.4291847,0622061210,JEE(Main)-2024
46908,57.6979333,0622029310,JEE(Main)-2024
63058,43.4350639,0622019110,JEE(Main)-2024
37237,65.6235980,0622037210,JEE(Main)-2024
30718,71.1409851,0622024210,JEE(Main)-2024
20082,80.3927437,0622224210,JEE(Main)-2024
69502,37.0102438,0622246510,JEE(Main)-2024
78243,26.8115574,0622219110,JEE(Main)-2024
48179,56.4946109,0622229310,JEE(Main)-2024
28208,73.1574211,0622226310,JEE(Main)-2024
62730,43.6524512,0622289610,JEE(Main)-2024
36310,66.3654780,0622237210,JEE(Main)-2024
54876,50.8208297,0622261210,JEE(Main)-2024
74472,31.3104416,0622288610,JEE(Main)-2024
57162,51.1064638,0622289010,JEE(Main)-2024
48336,58.2354795,0622257010,JEE(Main)-2024
32583,69.5584733,0622291110,JEE(Main)-2024
38935,64.2467682,0622399510,JEE(Main)-2024
65145,41.3788891,0622329310,JEE(Main)-2024
69908,36.5687902,0622361210,JEE(Main)-2024
40292,62.9605616,0622337210,JEE(Main)-2024
34142,68.2213405,0622324210,JEE(Main)-2024
66617,40.0084975,0622319110,JEE(Main)-2024
23021,77.7755664,0625024210,JEE(Main)-2024
50736,54.3171452,0625061210,JEE(Main)-2024
33151,69.0384236,0625037210,JEE(Main)-2024
32347,69.7145887,0625091210,JEE(Main)-2024
63327,43.0214600,0625019110,JEE(Main)-2024
26540,74.5994626,0625091110,JEE(Main)-2024
45430,58.7987235,0625050710,JEE(Main)-2024
20435,80.2019630,0626584410,JEE(Main)-2024
41125,62.3601588,0626519110,JEE(Main)-2024
31073,70.8363852,0626561510,JEE(Main)-2024
23777,77.0955651,0626537210,JEE(Main)-2024
11175,88.5659516,0626524210,JEE(Main)-2024
15139,84.9235562,0626524610,JEE(Main)-2024
11872,87.8390716,0626724210,JEE(Main)-2024
20197,80.3777053,0626737210,JEE(Main)-2024
22718,78.0728186,0626726210,JEE(Main)-2024
16225,83.9304077,0626791110,JEE(Main)-2024
27629,73.7173337,0626729310,JEE(Main)-2024
50374,54.6671622,0626719110,JEE(Main)-2024
42770,61.0211990,0626761210,JEE(Main)-2024
69677,36.6705729,0626792210,JEE(Main)-2024
76640,28.9149494,0626861210,JEE(Main)-2024
40525,62.8250200,0626837210,JEE(Main)-2024
36400,66.2888466,0626850710,JEE(Main)-2024
53854,51.6653141,0626826210,JEE(Main)-2024
36001,66.5773877,0626824210,JEE(Main)-2024
65172,41.3242592,0626937210,JEE(Main)-2024
51456,53.6470479,0626924210,JEE(Main)-2024
40152,63.2235380,0626992510,JEE(Main)-2024
45582,58.6610048,0627024210,JEE(Main)-2024
89392,6.1071226,0627061210,JEE(Main)-2024
49407,55.5500772,0627099510,JEE(Main)-2024
75051,30.7427511,0627019110,JEE(Main)-2024
52081,53.0226888,0627037210,JEE(Main)-2024
1745,97.4445085,0627137210,JEE(Main)-2024
550,98.8770663,0627124510,JEE(Main)-2024
799,98.5330347,0627126310,JEE(Main)-2024
1120,98.1225329,0627184410,JEE(Main)-2024
850,98.4441609,0627124610,JEE(Main)-2024
6145,93.2041331,0627299510,JEE(Main)-2024
22669,78.1440533,0627246610,JEE(Main)-2024
10060,89.5178493,0627221910,JEE(Main)-2024
5468,93.8394628,0627224610,JEE(Main)-2024
8351,91.0778056,0627237210,JEE(Main)-2024
4479,94.7164027,0627224510,JEE(Main)-2024
16292,83.7973436,0627261210,JEE(Main)-2024
25386,75.6601092,0627219110,JEE(Main)-2024
3990,95.1778744,0627391110,JEE(Main)-2024
10453,89.1917153,0627346410,JEE(Main)-2024
2522,96.5906251,0627324510,JEE(Main)-2024
10811,88.8437850,0627319110,JEE(Main)-2024
5095,94.1121836,0627337210,JEE(Main)-2024
3652,95.5014510,0627392710,JEE(Main)-2024
9833,89.7467694,0627361210,JEE(Main)-2024
4108,95.0749604,0627391310,JEE(Main)-2024
4790,94.4267153,0627392010,JEE(Main)-2024
4636,94.5520602,0627399510,JEE(Main)-2024
4347,94.8508754,0627391210,JEE(Main)-2024
3102,96.0344313,0627324610,JEE(Main)-2024
4643,94.5520602,0627424510,JEE(Main)-2024
5250,93.9845970,0627424610,JEE(Main)-2024
47843,58.6610048,0627484110,JEE(Main)-2024
6049,93.2808937,0627499510,JEE(Main)-2024
25096,75.8977267,0627461210,JEE(Main)-2024
17009,83.1852895,0627429310,JEE(Main)-2024
9722,89.8587824,0627437210,JEE(Main)-2024
33625,68.6174754,0627537210,JEE(Main)-2024
62386,43.9711053,0627562410,JEE(Main)-2024
57161,48.7069037,0627529310,JEE(Main)-2024
27867,73.6143868,0627524610,JEE(Main)-2024
61230,45.1836004,0627561210,JEE(Main)-2024
67629,39.1527671,0627519110,JEE(Main)-2024
26162,75.0162470,0627524510,JEE(Main)-2024
2200,96.9383863,0627624550,JEE(Main)-2024
8275,91.1628907,0627646450,JEE(Main)-2024
4804,94.4029204,0627637250,JEE(Main)-2024
7754,91.6746484,0627661250,JEE(Main)-2024
2683,96.4308223,0627624650,JEE(Main)-2024
56264,49.4291847,0627726310,JEE(Main)-2024
59271,46.7185244,0627737210,JEE(Main)-2024
48401,56.4117911,0627724210,JEE(Main)-2024
53649,51.7541555,0627724610,JEE(Main)-2024
41191,62.2823599,0627862510,JEE(Main)-2024
29020,72.5624486,0627850710,JEE(Main)-2024
33086,69.0529025,0627819110,JEE(Main)-2024
21415,79.2439951,0627829310,JEE(Main)-2024
6875,92.4857628,0627824510,JEE(Main)-2024
14264,85.7192029,0627837810,JEE(Main)-2024
9440,90.1138485,0627892110,JEE(Main)-2024
11178,88.5537011,0627837210,JEE(Main)-2024
14472,85.5369034,0627821910,JEE(Main)-2024
27569,73.7300314,0627861210,JEE(Main)-2024
12102,87.6335322,0628124510,JEE(Main)-2024
22155,78.5483611,0628191610,JEE(Main)-2024
17616,82.6491700,0628137210,JEE(Main)-2024
39480,63.6133463,0628161210,JEE(Main)-2024
26441,74.6414234,0628246610,JEE(Main)-2024
9330,90.2486513,0628299510,JEE(Main)-2024
8265,91.2020296,0628224610,JEE(Main)-2024
7244,92.1781364,0628224510,JEE(Main)-2024
23179,77.6415376,0628229310,JEE(Main)-2024
12270,87.5153632,0628237210,JEE(Main)-2024
35930,66.6376422,0628326310,JEE(Main)-2024
36746,65.8994288,0628392010,JEE(Main)-2024
78107,26.9375191,0628361210,JEE(Main)-2024
31950,71.3374029,0628350310,JEE(Main)-2024
79626,24.8312223,0628319110,JEE(Main)-2024
44146,60.0128982,0628300210,JEE(Main)-2024
33164,69.0337722,0628324210,JEE(Main)-2024
56464,49.3223255,0628329310,JEE(Main)-2024
23791,77.0955651,0628437210,JEE(Main)-2024
55319,50.5062748,0628419110,JEE(Main)-2024
18937,81.4533784,0628499510,JEE(Main)-2024
36148,66.4297542,0628429310,JEE(Main)-2024
16080,84.0072155,0628424610,JEE(Main)-2024
39615,63.5789807,0628461210,JEE(Main)-2024
14567,85.4409675,0628424510,JEE(Main)-2024
13790,86.1050254,0628524650,JEE(Main)-2024
21834,78.8475420,0628537250,JEE(Main)-2024
12092,87.6335322,0628524550,JEE(Main)-2024
84039,18.0068996,0628861210,JEE(Main)-2024
32691,69.5118917,0628891110,JEE(Main)-2024
42965,60.9834559,0628837210,JEE(Main)-2024
26527,74.5994626,0628824210,JEE(Main)-2024
76730,28.9105855,0629324210,JEE(Main)-2024
56426,49.3223255,0629819110,JEE(Main)-2024
57756,48.2678103,0629861210,JEE(Main)-2024
25484,75.5306604,0629824610,JEE(Main)-2024
29309,72.3375571,0629892110,JEE(Main)-2024
32831,69.2931296,0629837210,JEE(Main)-2024
20995,79.6181326,0629824510,JEE(Main)-2024
48768,56.0423666,0629829310,JEE(Main)-2024
46664,57.7613020,0629821910,JEE(Main)-2024
26259,74.8309399,0629899510,JEE(Main)-2024
38118,64.7598923,0629884410,JEE(Main)-2024
79136,25.5813182,0630337210,JEE(Main)-2024
72570,33.5616760,0630399510,JEE(Main)-2024
53780,51.7277506,0630324210,JEE(Main)-2024
66166,40.3058173,0630424210,JEE(Main)-2024
34013,68.2394281,0630737210,JEE(Main)-2024
23419,77.4599403,0630724510,JEE(Main)-2024
72462,33.6208642,0630760210,JEE(Main)-2024
24577,76.3872179,0630724610,JEE(Main)-2024
77564,27.8601519,0630837210,JEE(Main)-2024
53310,52.1076408,0630824510,JEE(Main)-2024
55894,49.8111979,0631061210,JEE(Main)-2024
18942,81.4533784,0631024610,JEE(Main)-2024
16922,83.2164139,0631024210,JEE(Main)-2024
21672,78.9867341,0631099510,JEE(Main)-2024
26114,75.0300109,0631037210,JEE(Main)-2024
17412,82.8234993,0631024510,JEE(Main)-2024
19511,81.0122069,0631091310,JEE(Main)-2024
19873,80.6487404,0631124510,JEE(Main)-2024
41801,61.8642043,0631129310,JEE(Main)-2024
60286,45.8887471,0631161210,JEE(Main)-2024
28767,72.7256174,0631137210,JEE(Main)-2024
21950,78.7132557,0631124610,JEE(Main)-2024
84567,16.9354839,0631324510,JEE(Main)-2024
83587,18.8665411,0631791610,JEE(Main)-2024
73806,32.3863056,0631762410,JEE(Main)-2024
50968,54.2765449,0631724210,JEE(Main)-2024
60039,46.1869686,0631784410,JEE(Main)-2024
81544,22.1302280,0631729310,JEE(Main)-2024
46563,57.8069025,0631799510,JEE(Main)-2024
89464,5.9205050,0631719110,JEE(Main)-2024
85858,14.6278441,0631761210,JEE(Main)-2024
39598,63.5789807,0631924510,JEE(Main)-2024
90720,1.2145635,0631919110,JEE(Main)-2024
39346,63.7478515,0631926310,JEE(Main)-2024
71196,35.0085818,0631929310,JEE(Main)-2024
71774,34.6959400,0631961210,JEE(Main)-2024
45915,58.5234498,0631937210,JEE(Main)-2024
41173,62.3601588,0631924610,JEE(Main)-2024
40958,62.4401366,0632037210,JEE(Main)-2024
30441,71.3374029,0632024510,JEE(Main)-2024
78708,25.9192269,0632029310,JEE(Main)-2024
79836,24.3829007,0632037810,JEE(Main)-2024
67669,39.1527671,0632092810,JEE(Main)-2024
83323,19.2686143,0632124210,JEE(Main)-2024
69601,36.8365062,0632199510,JEE(Main)-2024
61625,44.7835465,0632292110,JEE(Main)-2024
58254,47.7566256,0632237210,JEE(Main)-2024
33576,68.6174754,0632224510,JEE(Main)-2024
60802,45.4350941,0632437210,JEE(Main)-2024
43945,60.0923182,0632424510,JEE(Main)-2024
52617,52.9550499,0632426310,JEE(Main)-2024
51555,53.5662784,0632593310,JEE(Main)-2024
50230,54.8536973,0632529310,JEE(Main)-2024
72123,34.3450426,0632519110,JEE(Main)-2024
67658,39.1527671,0632537810,JEE(Main)-2024
29647,72.0519772,0632592110,JEE(Main)-2024
38087,64.8478391,0632537210,JEE(Main)-2024
24279,76.5791743,0632524510,JEE(Main)-2024
31915,70.1399487,0632525710,JEE(Main)-2024
72760,33.4093671,0632561210,JEE(Main)-2024
80533,23.7322411,0632637210,JEE(Main)-2024
57872,48.1018012,0632624210,JEE(Main)-2024
22626,78.1648862,0640225910,JEE(Main)-2024
64196,42.4493618,0640224210,JEE(Main)-2024
80837,23.1926472,0640291110,JEE(Main)-2024
76157,29.5595094,0646624210,JEE(Main)-2024
87164,11.8297923,0646837210,JEE(Main)-2024
72997,33.1628052,0646891110,JEE(Main)-2024
81629,21.9356964,0646824210,JEE(Main)-2024
51016,54.2004802,0660937210,JEE(Main)-2024
38023,64.8522771,0660924510,JEE(Main)-2024
44102,60.0334464,0660926310,JEE(Main)-2024
35716,66.8168645,0662237810,JEE(Main)-2024
6283,93.0648896,0662256610,JEE(Main)-2024
13214,86.6346568,0662224510,JEE(Main)-2024
17416,82.8234993,0662299510,JEE(Main)-2024
22078,78.6161821,0662292110,JEE(Main)-2024
41194,62.2823599,0662261210,JEE(Main)-2024
16309,83.7973436,0662237210,JEE(Main)-2024
47326,57.3147779,0662824510,JEE(Main)-2024
48650,56.0687777,0662824610,JEE(Main)-2024
90356,2.8013935,0662829310,JEE(Main)-2024
79461,25.1465099,0662884410,JEE(Main)-2024
54273,51.2103001,0663292110,JEE(Main)-2024
49090,55.7523111,0663237210,JEE(Main)-2024
77182,28.1395457,0663229310,JEE(Main)-2024
40196,63.2235380,0663224510,JEE(Main)-2024
37816,65.0561876,0663437210,JEE(Main)-2024
28161,73.2261373,0663424610,JEE(Main)-2024
24450,76.4471767,0663424510,JEE(Main)-2024
81084,22.7995521,0663419110,JEE(Main)-2024
73548,32.6240189,0663461210,JEE(Main)-2024
54161,51.3638644,0663592110,JEE(Main)-2024
76754,28.7236429,0663529310,JEE(Main)-2024
40449,62.8786263,0663591210,JEE(Main)-2024
62764,43.6524512,0663537210,JEE(Main)-2024
44438,59.7739944,0663524510,JEE(Main)-2024
85206,15.9453154,0664019110,JEE(Main)-2024
51174,53.9701055,0664037210,JEE(Main)-2024
72358,33.8362967,0664029310,JEE(Main)-2024
36066,66.5046002,0664024210,JEE(Main)-2024
83737,18.5126671,0664061210,JEE(Main)-2024
78900,25.6893382,0664319110,JEE(Main)-2024
31963,70.1399487,0664324210,JEE(Main)-2024
40474,62.8760675,0664337210,JEE(Main)-2024
72053,34.4865069,0664361210,JEE(Main)-2024
59591,46.5960891,0664329310,JEE(Main)-2024
90884,0.2696887,0664424510,JEE(Main)-2024
74982,30.7427511,0664919110,JEE(Main)-2024
67055,39.7104189,0664961210,JEE(Main)-2024
24907,76.0877028,0664924510,JEE(Main)-2024
52267,53.0111146,0664929310,JEE(Main)-2024
33136,69.0384236,0664937210,JEE(Main)-2024
67829,38.8711359,0673219110,JEE(Main)-2024
58058,48.0088741,0673261210,JEE(Main)-2024
29618,72.0547535,0673237210,JEE(Main)-2024
15050,85.0419414,0673224510,JEE(Main)-2024
19353,81.1206661,0673299510,JEE(Main)-2024
5523,93.7786140,0675424510,JEE(Main)-2024
6622,92.7389127,0675424610,JEE(Main)-2024
7415,91.9981340,0675437210,JEE(Main)-2024
61712,44.6609008,0675519110,JEE(Main)-2024
18843,81.5751525,0675526310,JEE(Main)-2024
25465,75.5306604,0675537210,JEE(Main)-2024
60806,45.4350941,0675561210,JEE(Main)-2024
17770,82.5275297,0675524510,JEE(Main)-2024
86110,14.1768992,0675699510,JEE(Main)-2024
74404,31.6061014,0675724210,JEE(Main)-2024
84540,17.0796568,0675726610,JEE(Main)-2024
66285,40.2728836,0675726010,JEE(Main)-2024
81959,21.3577918,0675726310,JEE(Main)-2024
39202,63.8828633,0675899510,JEE(Main)-2024
32982,69.1042321,0675892110,JEE(Main)-2024
31421,70.5673759,0675824510,JEE(Main)-2024
45344,59.0750740,0675837210,JEE(Main)-2024
90565,1.9615835,0675861210,JEE(Main)-2024
37675,65.2090332,0675999510,JEE(Main)-2024
58420,47.5550319,0675929310,JEE(Main)-2024
80044,24.2039028,0675961210,JEE(Main)-2024
30482,71.3374029,0675924510,JEE(Main)-2024
86745,13.0318155,0675919110,JEE(Main)-2024
77897,27.1374929,0676224210,JEE(Main)-2024
50216,54.8536973,0676799510,JEE(Main)-2024
52626,52.9550499,0676724510,JEE(Main)-2024
54932,50.7538718,0676791210,JEE(Main)-2024
30079,71.5849652,0676824510,JEE(Main)-2024
33254,68.9875832,0676937210,JEE(Main)-2024
20919,79.6499068,0676924510,JEE(Main)-2024
89615,5.4723718,0676961210,JEE(Main)-2024
23370,77.4619979,0676924610,JEE(Main)-2024
26552,74.5763032,0677024610,JEE(Main)-2024
70726,35.7200246,0677061210,JEE(Main)-2024
24851,76.0877028,0677024510,JEE(Main)-2024
53424,52.0362075,0677124510,JEE(Main)-2024
44794,59.3903304,0677229310,JEE(Main)-2024
16917,83.2325495,0677224510,JEE(Main)-2024
17879,82.3624792,0677224610,JEE(Main)-2024
26475,74.5994626,0677237210,JEE(Main)-2024
70351,36.1313730,0677261210,JEE(Main)-2024
44913,59.3047779,0678091210,JEE(Main)-2024
40890,62.4953268,0678024210,JEE(Main)-2024
82211,21.0869674,0678061210,JEE(Main)-2024
72121,34.4865069,0678029310,JEE(Main)-2024
80813,23.3384091,0678224210,JEE(Main)-2024
87726,10.5980570,0679461210,JEE(Main)-2024
89924,4.4669970,0679419110,JEE(Main)-2024
27345,73.8736469,0679499510,JEE(Main)-2024
55969,49.8111979,0679437810,JEE(Main)-2024
26583,74.5733907,0679424610,JEE(Main)-2024
58572,47.4653812,0679492810,JEE(Main)-2024
22417,78.2266518,0679424510,JEE(Main)-2024
35576,66.9206113,0679437210,JEE(Main)-2024
74251,31.7534969,0679529310,JEE(Main)-2024
54952,50.7538718,0679524510,JEE(Main)-2024
82454,20.6414872,0679561210,JEE(Main)-2024
29960,71.6596789,0679661210,JEE(Main)-2024
7311,92.1104687,0679624510,JEE(Main)-2024
42894,60.9834559,0679619110,JEE(Main)-2024
12144,87.6050735,0679637210,JEE(Main)-2024
65577,41.0479619,0679724210,JEE(Main)-2024
89308,6.3828736,0679737210,JEE(Main)-2024
46668,57.7613020,0679924510,JEE(Main)-2024
68678,38.0430313,0680337210,JEE(Main)-2024
56213,49.4522425,0680324210,JEE(Main)-2024
34149,68.2213405,0680824510,JEE(Main)-2024
33347,68.8922128,0680826310,JEE(Main)-2024
39725,63.5337786,0680837210,JEE(Main)-2024
38097,64.7598923,0681124210,JEE(Main)-2024
60741,45.5083235,0681137210,JEE(Main)-2024
32114,69.8655117,0681524510,JEE(Main)-2024
21977,78.7132557,0682219110,JEE(Main)-2024
15348,84.6941653,0682261210,JEE(Main)-2024
6895,92.4571740,0682224610,JEE(Main)-2024
7654,91.7832299,0682237210,JEE(Main)-2024
7007,92.3980827,0682224510,JEE(Main)-2024
17278,82.9590386,0683424510,JEE(Main)-2024
15453,84.6392764,0683426310,JEE(Main)-2024
39094,64.0173572,0683991210,JEE(Main)-2024
30054,71.5849652,0683924210,JEE(Main)-2024
74125,31.8141981,0683929310,JEE(Main)-2024
87683,10.6652834,0687890010,JEE(Main)-2024
73910,32.2397305,0687824210,JEE(Main)-2024
42429,61.2790648,0690124210,JEE(Main)-2024
86232,13.7213186,0690137210,JEE(Main)-2024
76794,28.6332617,0690161210,JEE(Main)-2024
73500,32.7021369,0693892550,JEE(Main)-2024
88881,7.5637709,0693884450,JEE(Main)-2024
59126,46.8194101,0693824250,JEE(Main)-2024
79435,25.1465099,0693837250,JEE(Main)-2024
22760,78.0508065,0699199510,JEE(Main)-2024
32432,69.6382163,0699184410,JEE(Main)-2024
16445,83.6733531,0699156610,JEE(Main)-2024
17914,82.3525034,0699124510,JEE(Main)-2024
22633,78.1648862,1400552710,JEE(Main)-2024
28093,73.2786671,1400572910,JEE(Main)-2024
16959,83.2164139,1400550710,JEE(Main)-2024
38846,64.3278996,1400550110,JEE(Main)-2024
49840,55.0951723,1400552410,JEE(Main)-2024
38620,64.3768291,1400552910,JEE(Main)-2024
1197,98.0352392,1600646410,JEE(Main)-2024
1031,98.2352503,1600629310,JEE(Main)-2024
522,98.9172713,1600637210,JEE(Main)-2024
117,99.6125710,1600624210,JEE(Main)-2024
3706,95.4515127,1600669410,JEE(Main)-2024
369,99.1622410,1600626610,JEE(Main)-2024
3016,96.1128016,1600619110,JEE(Main)-2024
1661,97.5204546,1600661210,JEE(Main)-2024
3310,95.8364766,1600662710,JEE(Main)-2024
75986,29.7188447,1612625210,JEE(Main)-2024
63856,42.5517120,1612624210,JEE(Main)-2024
